,person_age,person_income,person_home_ownership,person_emp_length,loan_intent,loan_grade,loan_amnt,loan_int_rate,loan_status,loan_percent_income,cb_person_default_on_file,cb_person_cred_hist_length
0,22,59000,RENT,123.0,PERSONAL,D,35000,16.02,1,0.59,Y,3
18,23,113000,RENT,8.0,DEBTCONSOLIDATION,D,35000,18.25,1,0.31,N,4
22,22,65000,RENT,4.0,EDUCATION,D,34000,17.58,1,0.52,N,4
24,22,80000,RENT,3.0,PERSONAL,D,33950,14.54,1,0.42,Y,4
37,24,64000,RENT,8.0,DEBTCONSOLIDATION,D,30000,14.54,1,0.47,Y,3
38,25,75000,RENT,4.0,HOMEIMPROVEMENT,D,30000,16.89,1,0.4,Y,4
39,23,71500,RENT,3.0,DEBTCONSOLIDATION,D,30000,,1,0.42,N,4
45,26,300000,MORTGAGE,0.0,EDUCATION,D,25000,15.33,0,0.08,N,3
50,24,78000,RENT,4.0,DEBTCONSOLIDATION,D,30000,,1,0.38,Y,4
63,25,221850,MORTGAGE,9.0,MEDICAL,D,25000,15.7,1,0.1,N,2
64,22,70000,RENT,6.0,EDUCATION,D,29100,15.99,1,0.42,N,3
67,25,259000,MORTGAGE,9.0,HOMEIMPROVEMENT,D,20000,14.42,0,0.08,Y,2
79,24,83004,RENT,0.0,VENTURE,D,28000,15.99,1,0.34,Y,4
91,26,73200,RENT,5.0,VENTURE,D,27050,15.62,1,0.37,Y,2
93,24,73399,RENT,0.0,VENTURE,D,27000,,1,0.37,N,3
108,24,41000,RENT,2.0,HOMEIMPROVEMENT,D,25000,,1,0.61,N,3
117,22,42000,RENT,6.0,MEDICAL,D,25000,14.59,1,0.6,Y,2
130,24,44000,RENT,2.0,DEBTCONSOLIDATION,D,25000,15.33,1,0.57,N,2
138,25,216000,MORTGAGE,2.0,EDUCATION,D,25000,16.07,0,0.12,N,3
143,26,46000,RENT,2.0,DEBTCONSOLIDATION,D,25000,11.86,1,0.54,N,4
145,26,47000,RENT,0.0,HOMEIMPROVEMENT,D,25000,15.28,1,0.53,Y,2
153,24,55000,RENT,4.0,HOMEIMPROVEMENT,D,25000,,1,0.45,Y,4
155,23,55000,RENT,4.0,EDUCATION,D,25000,15.65,1,0.45,Y,3
163,26,54000,RENT,7.0,DEBTCONSOLIDATION,D,25000,14.83,1,0.46,Y,2
173,22,56400,RENT,2.0,HOMEIMPROVEMENT,D,25000,14.96,1,0.44,Y,3
190,26,66996,RENT,10.0,PERSONAL,D,25000,15.21,1,0.37,Y,2
193,24,68000,RENT,5.0,PERSONAL,D,25000,14.09,1,0.37,Y,3
194,25,69000,RENT,9.0,PERSONAL,D,25000,17.49,1,0.36,N,2
198,25,69996,RENT,9.0,EDUCATION,D,25000,15.21,1,0.36,N,3
202,24,56100,RENT,7.0,MEDICAL,D,25000,16.49,1,0.38,N,4
203,25,66000,RENT,9.0,VENTURE,D,25000,15.33,1,0.38,Y,2
215,22,71000,RENT,1.0,EDUCATION,D,25000,15.95,1,0.35,Y,4
224,24,62050,RENT,8.0,MEDICAL,D,25000,15.33,1,0.34,Y,2
225,23,79416,RENT,7.0,VENTURE,D,25000,15.21,1,0.31,Y,2
227,24,79631,RENT,8.0,PERSONAL,D,25000,15.7,1,0.31,Y,2
234,24,184992,RENT,7.0,HOMEIMPROVEMENT,D,22000,14.46,0,0.12,Y,4
241,26,74004,RENT,10.0,DEBTCONSOLIDATION,D,25000,,1,0.34,Y,4
246,24,83000,RENT,5.0,PERSONAL,D,25000,12.92,0,0.3,Y,3
257,24,87000,RENT,8.0,HOMEIMPROVEMENT,D,25000,14.84,0,0.29,N,3
259,23,76000,RENT,7.0,DEBTCONSOLIDATION,D,25000,16.02,1,0.33,N,4
260,23,66215,RENT,1.0,MEDICAL,D,25000,15.37,1,0.32,Y,2
269,23,78000,RENT,2.0,VENTURE,D,25000,16.32,1,0.32,Y,3
272,24,79000,RENT,9.0,DEBTCONSOLIDATION,D,25000,14.96,1,0.32,Y,4
276,23,93600,RENT,3.0,VENTURE,D,25000,15.21,0,0.27,N,4
279,25,83800,RENT,2.0,DEBTCONSOLIDATION,D,25000,15.95,1,0.3,Y,3
286,22,88000,RENT,6.0,DEBTCONSOLIDATION,D,25000,15.58,1,0.28,Y,2
288,25,88000,RENT,0.0,VENTURE,D,25000,14.96,1,0.28,N,4
290,26,88000,RENT,2.0,VENTURE,D,25000,15.65,1,0.28,N,3
295,23,93000,RENT,0.0,DEBTCONSOLIDATION,D,25000,14.59,1,0.27,Y,2
306,24,97908,RENT,8.0,HOMEIMPROVEMENT,D,25000,12.61,1,0.26,Y,2
309,25,159600,RENT,0.0,PERSONAL,D,30000,17.27,1,0.19,Y,4
312,24,158004,RENT,0.0,HOMEIMPROVEMENT,D,25000,14.59,1,0.16,Y,2
314,24,83300,RENT,0.0,MEDICAL,D,25000,,1,0.26,N,2
315,24,110000,RENT,7.0,HOMEIMPROVEMENT,D,25000,15.7,0,0.23,Y,2
319,22,100580,RENT,6.0,DEBTCONSOLIDATION,D,25000,14.96,1,0.25,Y,2
324,24,91800,RENT,5.0,MEDICAL,D,25000,15.33,1,0.23,Y,2
326,26,108000,RENT,2.0,PERSONAL,D,25000,15.05,1,0.23,N,3
328,23,130000,RENT,4.0,EDUCATION,D,25000,16.02,0,0.19,Y,2
339,24,134000,RENT,8.0,PERSONAL,D,25000,16.07,0,0.19,Y,3
347,22,153000,MORTGAGE,5.0,DEBTCONSOLIDATION,D,24000,15.62,1,0.16,Y,2
381,26,56045,RENT,1.0,MEDICAL,D,24250,14.96,1,0.37,N,2
382,22,74000,RENT,7.0,DEBTCONSOLIDATION,D,24250,15.65,1,0.33,Y,2
383,24,65453,RENT,9.0,MEDICAL,D,24250,15.7,1,0.31,N,2
387,23,103000,RENT,6.0,PERSONAL,D,24250,15.7,0,0.24,N,2
390,24,160000,MORTGAGE,3.0,VENTURE,D,20000,16.0,0,0.13,N,3
391,23,160000,MORTGAGE,2.0,EDUCATION,D,25000,15.65,0,0.16,Y,2
396,25,111996,RENT,9.0,PERSONAL,D,24250,,0,0.22,N,3
401,22,108000,RENT,1.0,HOMEIMPROVEMENT,D,24150,14.96,1,0.22,Y,3
404,24,48000,RENT,4.0,VENTURE,D,24000,16.29,1,0.5,Y,2
406,21,44964,RENT,2.0,EDUCATION,D,24000,16.29,1,0.53,Y,2
417,22,62400,RENT,3.0,EDUCATION,D,24000,14.84,1,0.38,N,2
422,24,60000,RENT,0.0,VENTURE,D,24000,14.96,1,0.4,N,4
437,23,74700,RENT,6.0,PERSONAL,D,24000,12.92,1,0.32,N,2
445,24,110000,RENT,7.0,VENTURE,D,24000,15.62,0,0.22,N,4
452,24,124080,RENT,4.0,PERSONAL,D,24000,16.49,0,0.19,Y,4
459,23,138000,RENT,7.0,DEBTCONSOLIDATION,D,24000,16.0,1,0.17,Y,2
486,24,88000,RENT,1.0,VENTURE,D,23000,14.54,1,0.26,N,2
531,24,59000,RENT,5.0,MEDICAL,D,21500,16.89,1,0.36,N,3
533,24,116000,RENT,5.0,EDUCATION,D,21500,15.33,0,0.19,Y,3
541,24,56000,RENT,8.0,VENTURE,D,21250,15.95,1,0.38,Y,3
542,24,65000,RENT,4.0,EDUCATION,D,21250,15.95,1,0.33,Y,4
553,26,65219,RENT,11.0,DEBTCONSOLIDATION,D,21000,14.09,1,0.32,N,3
565,25,100000,RENT,2.0,PERSONAL,D,21000,16.49,1,0.21,Y,3
582,25,38000,RENT,4.0,MEDICAL,D,20000,14.59,1,0.53,N,4
583,23,32000,RENT,3.0,DEBTCONSOLIDATION,D,20000,12.61,1,0.63,N,4
587,23,32900,RENT,1.0,EDUCATION,D,20000,16.0,1,0.61,N,2
590,21,36000,RENT,5.0,MEDICAL,D,20000,,1,0.56,Y,2
603,24,39000,RENT,5.0,MEDICAL,D,20000,14.74,1,0.51,N,2
606,22,42000,RENT,1.0,PERSONAL,D,20000,12.99,1,0.48,N,3
624,22,46000,RENT,2.0,DEBTCONSOLIDATION,D,20000,16.0,1,0.43,Y,4
626,24,52000,RENT,8.0,EDUCATION,D,20000,15.65,1,0.38,Y,2
629,22,47000,RENT,5.0,MEDICAL,D,20000,16.77,1,0.43,N,3
631,23,48000,RENT,7.0,MEDICAL,D,20000,15.65,1,0.42,N,4
632,23,48000,RENT,0.0,MEDICAL,D,20000,14.96,1,0.42,N,3
644,23,57000,RENT,3.0,EDUCATION,D,20000,16.89,1,0.35,N,2
645,22,51012,RENT,1.0,PERSONAL,D,20000,17.49,1,0.39,Y,4
653,24,54000,RENT,2.0,VENTURE,D,20000,16.49,1,0.37,N,2
660,23,54000,RENT,6.0,DEBTCONSOLIDATION,D,20000,14.84,1,0.37,Y,3
667,25,54000,RENT,1.0,PERSONAL,D,20000,15.65,1,0.37,Y,3
671,25,54000,RENT,1.0,DEBTCONSOLIDATION,D,20000,14.11,1,0.37,N,4
674,24,60000,RENT,8.0,PERSONAL,D,20000,13.87,1,0.33,N,4
681,24,56000,RENT,3.0,EDUCATION,D,20000,14.61,1,0.36,Y,4
697,25,59004,RENT,1.0,PERSONAL,D,20000,14.84,1,0.34,Y,2
705,24,62400,RENT,4.0,DEBTCONSOLIDATION,D,20000,14.84,1,0.32,N,4
710,25,71004,RENT,9.0,PERSONAL,D,20000,14.09,0,0.28,N,2
712,23,71004,RENT,8.0,EDUCATION,D,20000,14.09,0,0.28,N,3
713,23,55392,RENT,3.0,MEDICAL,D,20000,15.2,1,0.31,Y,4
716,23,66000,RENT,1.0,VENTURE,D,20000,14.11,1,0.3,N,3
717,22,66000,RENT,3.0,DEBTCONSOLIDATION,D,20000,14.42,1,0.3,N,2
718,24,72000,RENT,4.0,HOMEIMPROVEMENT,D,20000,14.74,0,0.28,Y,3
739,26,71004,RENT,0.0,HOMEIMPROVEMENT,D,20000,13.36,1,0.28,Y,2
750,24,72000,RENT,6.0,DEBTCONSOLIDATION,D,20000,,1,0.28,Y,4
753,23,79000,RENT,5.0,EDUCATION,D,20000,16.89,0,0.25,Y,4
756,22,62900,RENT,6.0,MEDICAL,D,20000,14.91,1,0.27,N,4
770,23,76042,RENT,6.0,HOMEIMPROVEMENT,D,20000,15.05,1,0.26,Y,4
778,24,78996,RENT,2.0,HOMEIMPROVEMENT,D,20000,14.11,1,0.25,N,2
808,24,95000,RENT,4.0,HOMEIMPROVEMENT,D,20000,,0,0.21,Y,3
812,22,85200,RENT,6.0,VENTURE,D,20000,15.65,1,0.23,Y,4
815,23,99000,RENT,7.0,EDUCATION,D,20000,15.28,0,0.2,N,4
825,22,74800,RENT,3.0,MEDICAL,D,20000,14.96,1,0.23,Y,4
832,23,95000,RENT,0.0,DEBTCONSOLIDATION,D,20000,14.59,1,0.21,Y,2
854,24,133000,RENT,3.0,EDUCATION,D,20000,12.36,0,0.15,Y,2
858,24,138000,RENT,2.0,VENTURE,D,20000,15.99,1,0.14,Y,3
6455,26,44000,MORTGAGE,10.0,PERSONAL,D,20000,17.27,1,0.45,Y,2
6530,24,50000,MORTGAGE,5.0,PERSONAL,D,22800,17.27,0,0.46,N,2
6707,24,50000,MORTGAGE,2.0,EDUCATION,D,25000,15.58,0,0.5,Y,3
6878,26,50000,MORTGAGE,2.0,PERSONAL,D,20000,13.3,0,0.4,N,3
8558,21,58800,MORTGAGE,5.0,EDUCATION,D,25000,14.09,0,0.43,N,2
9128,22,60000,MORTGAGE,6.0,VENTURE,D,24250,15.31,0,0.4,Y,2
9163,22,54000,MORTGAGE,3.0,DEBTCONSOLIDATION,D,22750,,1,0.42,Y,2
9376,22,61547,OWN,1.0,EDUCATION,D,24250,14.96,0,0.39,Y,3
9674,25,63000,MORTGAGE,0.0,EDUCATION,D,25000,13.87,0,0.4,N,2
9777,26,58000,MORTGAGE,1.0,MEDICAL,D,25000,13.55,1,0.43,Y,4
9822,22,58800,MORTGAGE,,PERSONAL,D,23500,15.33,1,0.4,N,2
9996,24,65000,MORTGAGE,2.0,EDUCATION,D,20000,14.09,0,0.31,Y,3
10113,22,59000,MORTGAGE,3.0,DEBTCONSOLIDATION,D,19750,14.11,1,0.33,Y,3
10179,23,65400,MORTGAGE,4.0,VENTURE,D,20000,15.05,0,0.31,Y,4
10373,21,67000,MORTGAGE,5.0,EDUCATION,D,25000,15.65,0,0.37,Y,2
10388,24,61100,MORTGAGE,4.0,DEBTCONSOLIDATION,D,25000,17.49,1,0.41,N,3
10411,24,61499,MORTGAGE,8.0,DEBTCONSOLIDATION,D,19600,15.65,1,0.32,N,2
10442,22,68000,MORTGAGE,6.0,EDUCATION,D,20000,16.77,0,0.29,Y,4
10453,21,52700,MORTGAGE,4.0,MEDICAL,D,26400,16.49,1,0.43,N,3
10567,25,53467,MORTGAGE,5.0,MEDICAL,D,25000,15.7,1,0.4,Y,4
10937,22,70000,MORTGAGE,6.0,PERSONAL,D,25000,15.31,0,0.36,Y,4
11046,25,71328,MORTGAGE,3.0,EDUCATION,D,25000,14.96,0,0.35,Y,3
11253,23,56403,MORTGAGE,7.0,MEDICAL,D,30000,16.49,1,0.45,N,2
11500,22,75000,MORTGAGE,3.0,VENTURE,D,28000,15.62,0,0.37,Y,4
11600,25,75000,MORTGAGE,4.0,VENTURE,D,20000,14.09,0,0.27,Y,4
11602,24,69000,MORTGAGE,4.0,DEBTCONSOLIDATION,D,25000,15.57,1,0.36,N,2
11615,22,75000,MORTGAGE,0.0,PERSONAL,D,19800,15.57,0,0.26,Y,2
11704,22,58650,MORTGAGE,6.0,MEDICAL,D,25000,14.96,1,0.36,N,2
11873,22,60350,MORTGAGE,6.0,MEDICAL,D,35000,16.89,1,0.49,N,3
11983,23,78000,MORTGAGE,0.0,VENTURE,D,25000,15.58,0,0.32,Y,3
12007,25,61200,MORTGAGE,9.0,MEDICAL,D,20000,14.74,1,0.28,Y,2
12086,25,62393,OTHER,0.0,MEDICAL,D,20000,15.05,1,0.27,Y,3
12172,23,74000,MORTGAGE,5.0,DEBTCONSOLIDATION,D,25975,,1,0.35,N,2
12219,25,80000,MORTGAGE,3.0,EDUCATION,D,20000,15.62,0,0.25,Y,3
12242,24,80000,MORTGAGE,8.0,PERSONAL,D,25000,14.46,0,0.31,Y,2
12311,23,80000,MORTGAGE,3.0,EDUCATION,D,25000,,0,0.31,Y,4
12318,23,80000,MORTGAGE,5.0,VENTURE,D,20000,14.96,0,0.25,N,3
12332,25,80000,MORTGAGE,10.0,EDUCATION,D,25000,15.31,0,0.31,N,2
12376,24,74004,MORTGAGE,7.0,DEBTCONSOLIDATION,D,25000,15.57,1,0.34,Y,3
12401,25,80400,MORTGAGE,10.0,VENTURE,D,25000,17.49,0,0.31,Y,4
12407,26,80500,MORTGAGE,3.0,VENTURE,D,24000,17.58,0,0.3,Y,3
12427,22,75000,MORTGAGE,6.0,VENTURE,D,25000,15.57,1,0.33,Y,4
12571,23,83000,MORTGAGE,0.0,VENTURE,D,20000,14.54,0,0.24,Y,4
12579,22,83000,OWN,6.0,DEBTCONSOLIDATION,D,25000,15.95,0,0.3,Y,4
12677,23,84000,MORTGAGE,2.0,EDUCATION,D,20000,12.61,0,0.24,Y,2
12921,25,73000,MORTGAGE,8.0,PERSONAL,D,20000,13.12,1,0.27,Y,4
13005,24,63750,MORTGAGE,8.0,MEDICAL,D,35000,,1,0.47,N,3
13038,23,87000,MORTGAGE,2.0,PERSONAL,D,25000,14.96,0,0.29,Y,2
13099,24,88000,MORTGAGE,8.0,HOMEIMPROVEMENT,D,25000,14.54,0,0.28,N,2
13136,22,88812,MORTGAGE,6.0,EDUCATION,D,29000,15.65,0,0.33,N,2
13197,22,78000,MORTGAGE,6.0,HOMEIMPROVEMENT,D,25000,16.77,1,0.32,N,2
13347,24,78000,MORTGAGE,0.0,DEBTCONSOLIDATION,D,19500,15.31,1,0.25,N,4
13457,26,68000,MORTGAGE,11.0,MEDICAL,D,25000,15.65,1,0.31,N,2
13550,25,93200,MORTGAGE,9.0,EDUCATION,D,25000,15.58,0,0.27,Y,4
13639,26,95000,MORTGAGE,9.0,EDUCATION,D,25000,16.89,0,0.26,Y,2
13641,24,83000,MORTGAGE,2.0,DEBTCONSOLIDATION,D,28000,16.49,1,0.34,Y,3
13689,26,95000,MORTGAGE,0.0,EDUCATION,D,20000,14.96,0,0.21,N,3
13753,25,96000,MORTGAGE,9.0,PERSONAL,D,35000,18.25,0,0.36,Y,2
13796,25,71400,MORTGAGE,9.0,MEDICAL,D,25000,14.09,1,0.3,N,2
13842,23,96260,MORTGAGE,,EDUCATION,D,25200,15.65,0,0.26,N,2
13856,23,72250,MORTGAGE,7.0,MEDICAL,D,35000,15.99,1,0.41,N,2
13872,25,97000,MORTGAGE,9.0,HOMEIMPROVEMENT,D,25000,14.59,0,0.26,N,2
13910,22,98000,MORTGAGE,5.0,EDUCATION,D,25000,14.46,0,0.26,N,3
13914,25,86000,MORTGAGE,7.0,DEBTCONSOLIDATION,D,24000,,1,0.28,Y,2
13918,20,98000,MORTGAGE,4.0,EDUCATION,D,24250,,0,0.25,N,4
13969,23,99500,MORTGAGE,7.0,EDUCATION,D,25000,15.7,0,0.25,N,2
13994,23,100000,MORTGAGE,7.0,PERSONAL,D,35000,16.77,0,0.35,N,3
14008,25,88000,MORTGAGE,9.0,PERSONAL,D,20000,17.58,1,0.23,N,3
14009,23,100000,OWN,7.0,PERSONAL,D,35000,16.77,0,0.35,N,4
14083,21,88000,MORTGAGE,1.0,PERSONAL,D,25000,14.83,1,0.28,N,4
14126,24,100000,MORTGAGE,6.0,VENTURE,D,25000,15.33,0,0.25,Y,2
14200,22,101000,MORTGAGE,7.0,EDUCATION,D,25000,,0,0.25,Y,3
14203,24,89000,MORTGAGE,1.0,VENTURE,D,25000,15.65,1,0.28,Y,4
14215,23,102000,OWN,0.0,MEDICAL,D,30000,16.77,0,0.29,Y,2
14260,26,102456,MORTGAGE,10.0,VENTURE,D,25000,,0,0.24,Y,2
14267,24,103000,OWN,8.0,EDUCATION,D,24000,16.77,0,0.23,N,3
14282,24,77350,MORTGAGE,2.0,MEDICAL,D,25000,15.7,1,0.27,Y,3
14380,26,93000,MORTGAGE,7.0,DEBTCONSOLIDATION,D,25000,16.0,1,0.27,Y,2
14403,24,105018,MORTGAGE,8.0,HOMEIMPROVEMENT,D,28000,15.62,0,0.27,Y,4
14442,22,106982,MORTGAGE,6.0,EDUCATION,D,30000,14.91,0,0.28,Y,3
14445,22,80750,MORTGAGE,1.0,MEDICAL,D,24000,15.99,1,0.25,N,4
14573,26,83300,MORTGAGE,0.0,MEDICAL,D,28000,15.62,1,0.29,Y,2
14638,23,83300,MORTGAGE,0.0,MEDICAL,D,25000,,1,0.26,N,3
14642,22,98000,MORTGAGE,1.0,DEBTCONSOLIDATION,D,25000,,1,0.26,N,4
14733,24,85850,MORTGAGE,8.0,MEDICAL,D,20000,,1,0.2,Y,4
14766,25,102996,MORTGAGE,4.0,DEBTCONSOLIDATION,D,20000,14.54,1,0.19,Y,3
14787,24,115000,OWN,8.0,DEBTCONSOLIDATION,D,35000,16.89,0,0.3,Y,4
14796,25,115000,MORTGAGE,1.0,EDUCATION,D,20000,15.65,0,0.17,Y,2
14831,25,116000,MORTGAGE,0.0,EDUCATION,D,35000,17.58,0,0.3,Y,4
14846,23,104736,MORTGAGE,3.0,DEBTCONSOLIDATION,D,25000,14.11,1,0.24,Y,2
14888,22,119000,MORTGAGE,6.0,PERSONAL,D,35000,16.49,0,0.29,N,3
14986,23,120000,MORTGAGE,2.0,PERSONAL,D,24250,16.02,0,0.2,Y,4
15002,24,120000,MORTGAGE,0.0,EDUCATION,D,25000,15.2,0,0.21,Y,3
15042,23,120000,MORTGAGE,0.0,PERSONAL,D,25000,15.31,0,0.21,N,3
15077,24,108000,MORTGAGE,1.0,DEBTCONSOLIDATION,D,25000,13.99,1,0.23,Y,2
15088,22,120456,MORTGAGE,6.0,EDUCATION,D,20000,14.96,0,0.17,Y,2
15134,26,111917,MORTGAGE,1.0,DEBTCONSOLIDATION,D,25000,15.31,1,0.22,N,3
15196,26,125000,MORTGAGE,3.0,EDUCATION,D,24000,15.28,0,0.19,Y,4
15222,22,125000,MORTGAGE,0.0,PERSONAL,D,25000,,0,0.2,Y,2
15267,26,127500,OWN,9.0,MEDICAL,D,24250,15.31,0,0.19,Y,4
15296,26,130000,MORTGAGE,5.0,PERSONAL,D,35000,18.25,0,0.27,Y,4
15322,24,100300,MORTGAGE,2.0,MEDICAL,D,30000,14.91,1,0.25,Y,3
15348,23,130000,OWN,7.0,VENTURE,D,22600,14.96,0,0.17,Y,2
15353,25,130000,MORTGAGE,2.0,VENTURE,D,19400,16.0,0,0.15,Y,4
15432,26,104550,MORTGAGE,5.0,MEDICAL,D,24000,15.21,1,0.2,Y,4
15437,25,135000,MORTGAGE,9.0,PERSONAL,D,25000,16.07,0,0.19,Y,4
15454,26,105400,MORTGAGE,6.0,MEDICAL,D,24000,14.61,1,0.19,N,3
15572,26,145992,MORTGAGE,0.0,EDUCATION,D,20000,,0,0.14,Y,2
15575,24,134000,MORTGAGE,2.0,DEBTCONSOLIDATION,D,25000,14.83,1,0.19,N,4
15696,23,143000,MORTGAGE,7.0,DEBTCONSOLIDATION,D,24250,14.59,1,0.17,Y,2
15699,25,155000,MORTGAGE,3.0,PERSONAL,D,22000,16.0,0,0.14,Y,4
15702,26,155142,MORTGAGE,6.0,PERSONAL,D,23000,18.25,0,0.15,N,2
15742,24,148000,MORTGAGE,8.0,DEBTCONSOLIDATION,D,25000,15.31,1,0.17,Y,2
15792,23,175000,MORTGAGE,5.0,EDUCATION,D,35000,,0,0.2,N,3
15815,24,142800,MORTGAGE,8.0,MEDICAL,D,25000,14.84,1,0.15,Y,2
15847,26,159800,MORTGAGE,6.0,MEDICAL,D,30000,17.58,1,0.16,Y,3
15850,21,159800,MORTGAGE,5.0,MEDICAL,D,30000,15.62,1,0.16,N,2
15855,25,200000,OWN,0.0,HOMEIMPROVEMENT,D,24000,14.96,0,0.12,Y,3
15857,25,188000,MORTGAGE,9.0,HOMEIMPROVEMENT,D,25000,13.24,1,0.13,Y,4
15881,23,55000,RENT,3.0,EDUCATION,D,19200,15.21,1,0.35,N,4
15916,22,118000,RENT,0.0,PERSONAL,D,19550,15.62,1,0.17,Y,4
15918,24,53295,RENT,3.0,MEDICAL,D,19600,16.07,1,0.31,N,3
15920,24,45295,RENT,8.0,DEBTCONSOLIDATION,D,19650,15.37,1,0.43,Y,2
15935,25,47000,RENT,9.0,HOMEIMPROVEMENT,D,19750,15.7,1,0.42,N,4
16006,25,216000,MORTGAGE,2.0,HOMEIMPROVEMENT,D,25000,16.07,0,0.12,N,2
16193,22,75000,MORTGAGE,6.0,VENTURE,D,25000,14.96,0,0.33,Y,3
16294,26,71004,RENT,0.0,DEBTCONSOLIDATION,D,20000,13.36,1,0.28,N,2
16315,25,58650,MORTGAGE,4.0,MEDICAL,D,20000,14.09,1,0.29,Y,4
16486,22,165000,MORTGAGE,5.0,VENTURE,D,24000,15.62,0,0.15,Y,2
16492,22,83000,OWN,6.0,EDUCATION,D,25000,15.95,0,0.3,N,2
16513,22,107000,MORTGAGE,6.0,DEBTCONSOLIDATION,D,35000,16.49,1,0.33,Y,3
16670,24,66300,RENT,4.0,MEDICAL,D,30000,,1,0.38,N,3
16672,22,60350,RENT,1.0,MEDICAL,D,25000,15.95,1,0.35,N,4
16692,26,108000,RENT,2.0,PERSONAL,D,25000,15.05,1,0.23,N,2
16729,24,120000,MORTGAGE,1.0,EDUCATION,D,25000,13.99,0,0.21,N,4
16741,24,44000,MORTGAGE,2.0,DEBTCONSOLIDATION,D,25000,15.58,1,0.57,Y,3
16900,24,44000,MORTGAGE,5.0,DEBTCONSOLIDATION,D,22800,17.27,1,0.52,N,3
17029,22,68000,MORTGAGE,6.0,VENTURE,D,20000,16.77,0,0.29,Y,3
17034,25,63000,MORTGAGE,0.0,PERSONAL,D,25000,13.87,0,0.4,N,4
17054,26,155142,MORTGAGE,6.0,HOMEIMPROVEMENT,D,23000,18.25,0,0.15,N,2
17121,26,145992,MORTGAGE,0.0,PERSONAL,D,20000,,0,0.14,Y,2
17149,24,73399,RENT,0.0,EDUCATION,D,27000,,1,0.37,N,2
17159,26,95000,MORTGAGE,0.0,HOMEIMPROVEMENT,D,20000,14.96,0,0.21,N,4
17217,25,59004,RENT,1.0,HOMEIMPROVEMENT,D,20000,14.84,1,0.34,N,4
17266,26,96050,MORTGAGE,3.0,MEDICAL,D,24000,15.28,1,0.21,Y,2
17531,26,130000,MORTGAGE,5.0,EDUCATION,D,35000,18.25,0,0.27,N,3
17546,25,79404,OTHER,0.0,VENTURE,D,20000,15.05,0,0.25,N,3
17617,24,56100,RENT,4.0,MEDICAL,D,20000,14.74,1,0.3,Y,4
17672,25,100000,RENT,2.0,HOMEIMPROVEMENT,D,21000,16.49,1,0.21,Y,3
17698,25,69996,RENT,9.0,EDUCATION,D,25000,15.21,1,0.36,N,4
17736,26,65935,RENT,1.0,EDUCATION,D,24250,14.96,1,0.37,N,4
17824,25,66000,RENT,9.0,EDUCATION,D,25000,15.33,1,0.38,N,2
17838,28,80000,RENT,12.0,EDUCATION,D,35000,15.62,1,0.44,N,10
17843,34,89000,RENT,3.0,HOMEIMPROVEMENT,D,35000,18.25,1,0.39,N,8
17856,31,150000,RENT,,EDUCATION,D,35000,18.25,1,0.23,N,6
17860,34,325550,MORTGAGE,3.0,MEDICAL,D,35000,16.77,1,0.09,Y,6
17871,35,350000,MORTGAGE,10.0,VENTURE,D,35000,17.49,0,0.1,N,7
17883,29,74000,RENT,2.0,DEBTCONSOLIDATION,D,30750,,1,0.42,N,6
17885,31,305000,MORTGAGE,0.0,HOMEIMPROVEMENT,D,35000,17.58,0,0.11,Y,10
17894,31,300000,MORTGAGE,1.0,VENTURE,D,25000,14.83,0,0.08,N,9
17895,32,288000,MORTGAGE,8.0,DEBTCONSOLIDATION,D,25000,14.83,1,0.09,Y,10
17898,29,112260,RENT,5.0,EDUCATION,D,30000,17.49,0,0.27,N,10
17909,31,128000,RENT,2.0,VENTURE,D,30000,16.29,1,0.23,N,10
17929,32,202300,MORTGAGE,9.0,MEDICAL,D,25000,14.59,1,0.11,N,7
17943,30,240000,MORTGAGE,8.0,VENTURE,D,28000,16.49,0,0.12,Y,7
17945,29,228000,MORTGAGE,11.0,DEBTCONSOLIDATION,D,35000,14.91,1,0.15,N,8
17952,27,57000,RENT,,HOMEIMPROVEMENT,D,25475,15.99,1,0.45,Y,7
17957,27,47000,RENT,3.0,VENTURE,D,25000,15.7,1,0.53,Y,10
17963,27,225000,MORTGAGE,11.0,VENTURE,D,25000,15.31,0,0.11,N,5
17983,30,54383,RENT,5.0,HOMEIMPROVEMENT,D,25000,15.65,1,0.46,Y,7
17986,27,204000,MORTGAGE,3.0,HOMEIMPROVEMENT,D,25000,15.31,0,0.12,Y,6
18017,28,200000,RENT,4.0,VENTURE,D,25000,15.33,0,0.13,Y,7
18029,30,69000,RENT,6.0,EDUCATION,D,25000,14.09,1,0.36,Y,5
18030,32,69996,RENT,4.0,VENTURE,D,25000,15.95,1,0.36,Y,10
18033,32,64000,RENT,11.0,DEBTCONSOLIDATION,D,25000,15.2,1,0.39,N,5
18034,29,70000,RENT,3.0,PERSONAL,D,25000,14.83,1,0.36,N,6
18035,30,72000,RENT,5.0,VENTURE,D,25000,16.32,1,0.35,Y,5
18039,29,68872,RENT,2.0,PERSONAL,D,25000,15.95,1,0.36,Y,10
18040,30,75000,RENT,9.0,PERSONAL,D,25000,15.2,1,0.33,N,5
18048,28,190000,MORTGAGE,1.0,HOMEIMPROVEMENT,D,35000,17.49,0,0.18,N,6
18060,33,190000,MORTGAGE,10.0,HOMEIMPROVEMENT,D,20000,14.11,0,0.11,N,10
18064,30,78000,RENT,4.0,HOMEIMPROVEMENT,D,25000,,1,0.32,Y,9
18066,27,72000,RENT,3.0,DEBTCONSOLIDATION,D,25000,15.95,1,0.35,Y,6
18067,33,186996,MORTGAGE,0.0,EDUCATION,D,25000,14.46,0,0.13,Y,8
18075,29,173000,MORTGAGE,7.0,DEBTCONSOLIDATION,D,28000,17.49,1,0.16,Y,10
18077,35,80000,RENT,19.0,VENTURE,D,25000,14.09,1,0.31,Y,10
18096,30,180000,MORTGAGE,11.0,VENTURE,D,28000,14.91,0,0.16,Y,5
18110,32,90000,RENT,7.0,EDUCATION,D,25000,15.58,0,0.28,N,7
18112,28,78000,RENT,0.0,PERSONAL,D,25000,,1,0.32,Y,5
18115,29,92200,RENT,7.0,VENTURE,D,25000,14.96,0,0.27,N,5
18125,31,86000,RENT,1.0,DEBTCONSOLIDATION,D,25000,16.0,1,0.29,Y,5
18126,29,88000,RENT,9.0,PERSONAL,D,25000,14.46,1,0.28,Y,10
18134,29,105996,RENT,13.0,HOMEIMPROVEMENT,D,25000,14.83,0,0.24,N,9
18137,29,174996,MORTGAGE,8.0,EDUCATION,D,25000,15.28,0,0.14,Y,10
18139,27,96000,RENT,1.0,VENTURE,D,25000,16.89,1,0.26,Y,10
18156,28,108000,RENT,0.0,EDUCATION,D,25000,14.61,1,0.23,Y,6
18159,29,113000,RENT,1.0,EDUCATION,D,25000,15.31,1,0.22,N,6
18162,30,102213,RENT,3.0,MEDICAL,D,25000,15.7,1,0.21,N,7
18164,30,135000,RENT,4.0,PERSONAL,D,25000,15.21,0,0.19,Y,6
18167,33,140004,RENT,7.0,EDUCATION,D,25000,15.58,0,0.18,N,10
18168,31,143000,RENT,4.0,VENTURE,D,25000,16.07,0,0.17,Y,7
18178,31,138000,RENT,0.0,VENTURE,D,25000,13.24,1,0.18,N,7
18180,31,139016,RENT,5.0,VENTURE,D,25000,15.37,1,0.18,Y,8
18182,30,148000,RENT,0.0,EDUCATION,D,25000,15.95,1,0.17,N,8
18184,30,170000,RENT,14.0,EDUCATION,D,25000,15.2,0,0.15,N,8
18185,27,170000,RENT,11.0,PERSONAL,D,25000,16.32,0,0.15,N,10
18187,30,170000,RENT,14.0,HOMEIMPROVEMENT,D,25000,15.21,0,0.15,N,5
18195,28,178000,RENT,5.0,EDUCATION,D,25000,14.46,1,0.14,Y,7
18199,33,248735,RENT,4.0,DEBTCONSOLIDATION,D,25000,14.11,1,0.1,Y,6
18211,27,74000,RENT,7.0,DEBTCONSOLIDATION,D,24250,15.31,1,0.33,Y,8
18218,30,105000,RENT,4.0,VENTURE,D,24250,15.65,0,0.23,N,10
18220,29,108000,RENT,0.0,PERSONAL,D,24250,16.0,1,0.22,N,9
18223,31,105400,RENT,2.0,MEDICAL,D,24250,15.31,1,0.2,N,5
18224,27,128000,RENT,11.0,DEBTCONSOLIDATION,D,24250,14.59,1,0.19,N,10
18230,35,49000,RENT,2.0,DEBTCONSOLIDATION,D,24000,15.2,1,0.49,N,10
18242,27,72000,RENT,3.0,VENTURE,D,24000,14.96,1,0.33,N,10
18251,31,95000,RENT,3.0,HOMEIMPROVEMENT,D,24000,13.67,0,0.25,Y,10
18262,31,138000,RENT,0.0,PERSONAL,D,24000,15.65,1,0.17,Y,5
18264,28,75000,RENT,5.0,VENTURE,D,23850,16.29,1,0.32,N,10
18277,29,46000,RENT,1.0,DEBTCONSOLIDATION,D,22750,14.46,1,0.49,N,9
18279,28,46500,RENT,2.0,EDUCATION,D,22500,14.96,1,0.48,Y,9
18283,29,58500,RENT,1.0,MEDICAL,D,22000,13.67,1,0.38,N,6
18285,31,69000,RENT,1.0,DEBTCONSOLIDATION,D,22000,13.67,1,0.32,Y,7
18291,35,60000,RENT,19.0,VENTURE,D,21725,15.62,1,0.36,Y,10
18302,33,57500,RENT,2.0,HOMEIMPROVEMENT,D,21000,16.29,1,0.37,Y,5
18309,28,90000,RENT,12.0,PERSONAL,D,21000,14.54,0,0.23,N,9
18312,28,100511,RENT,1.0,DEBTCONSOLIDATION,D,21000,,1,0.21,Y,5
18319,35,54000,RENT,0.0,PERSONAL,D,20500,14.61,1,0.38,Y,5
18322,31,30372,RENT,2.0,PERSONAL,D,20200,14.74,1,0.67,Y,5
18323,27,52275,RENT,7.0,MEDICAL,D,20050,17.58,1,0.33,Y,10
18337,29,51996,RENT,13.0,VENTURE,D,20000,,1,0.38,Y,5
18351,28,51500,RENT,2.0,DEBTCONSOLIDATION,D,20000,15.65,1,0.39,Y,8
18356,30,54000,RENT,4.0,DEBTCONSOLIDATION,D,20000,14.84,1,0.37,Y,9
18358,27,54000,RENT,2.0,PERSONAL,D,20000,16.0,1,0.37,N,6
18368,28,63000,RENT,4.0,VENTURE,D,20000,14.61,1,0.32,Y,9
18391,28,56100,RENT,9.0,MEDICAL,D,20000,14.59,1,0.3,Y,5
18415,31,73000,RENT,1.0,HOMEIMPROVEMENT,D,20000,15.05,1,0.27,Y,5
18427,29,85155,RENT,13.0,HOMEIMPROVEMENT,D,20000,14.61,0,0.23,N,6
18435,32,81400,RENT,2.0,VENTURE,D,20000,14.84,1,0.25,Y,6
18438,34,93600,RENT,15.0,EDUCATION,D,20000,15.31,0,0.21,N,5
18443,32,96000,RENT,7.0,PERSONAL,D,20000,14.42,0,0.21,N,9
18467,28,98000,RENT,0.0,HOMEIMPROVEMENT,D,20000,14.96,1,0.2,N,6
18468,27,98000,RENT,11.0,HOMEIMPROVEMENT,D,20000,16.0,1,0.2,N,8
18469,30,110000,RENT,5.0,VENTURE,D,20000,14.11,0,0.18,Y,5
18478,28,108000,RENT,2.0,PERSONAL,D,20000,15.31,1,0.19,N,7
19829,29,36000,MORTGAGE,2.0,PERSONAL,D,20000,,0,0.56,N,6
20498,27,40700,MORTGAGE,8.0,EDUCATION,D,20400,,0,0.5,N,8
21502,33,48000,MORTGAGE,1.0,PERSONAL,D,20000,16.07,0,0.42,N,10
21535,31,42000,MORTGAGE,0.0,EDUCATION,D,21000,12.36,1,0.5,N,7
22153,29,52800,MORTGAGE,7.0,EDUCATION,D,25475,16.29,0,0.48,Y,7
22188,31,47000,MORTGAGE,10.0,VENTURE,D,23000,14.84,1,0.49,N,9
22197,27,47000,MORTGAGE,2.0,DEBTCONSOLIDATION,D,25000,14.96,1,0.53,Y,9
22469,28,49000,MORTGAGE,5.0,HOMEIMPROVEMENT,D,19750,15.58,1,0.4,Y,9
22480,30,55000,OWN,6.0,EDUCATION,D,21250,15.7,0,0.39,Y,6
22836,27,52600,MORTGAGE,2.0,PERSONAL,D,21600,17.27,1,0.41,N,9
23078,28,60000,OWN,1.0,HOMEIMPROVEMENT,D,22000,14.09,0,0.37,Y,8
23194,35,60000,MORTGAGE,11.0,EDUCATION,D,25000,15.31,0,0.42,N,6
23398,27,56000,MORTGAGE,0.0,EDUCATION,D,25000,13.55,1,0.45,N,8
23445,27,62570,MORTGAGE,11.0,EDUCATION,D,25000,14.84,0,0.4,N,5
23606,30,65000,MORTGAGE,3.0,VENTURE,D,20000,16.77,0,0.31,Y,6
23702,27,65000,MORTGAGE,0.0,HOMEIMPROVEMENT,D,22000,14.09,0,0.34,Y,6
23744,28,65000,MORTGAGE,6.0,PERSONAL,D,22000,15.65,0,0.34,N,5
23754,30,65000,MORTGAGE,1.0,PERSONAL,D,25000,15.65,0,0.38,Y,5
23850,33,66000,MORTGAGE,2.0,PERSONAL,D,20000,12.61,0,0.3,Y,5
23906,27,67000,MORTGAGE,11.0,EDUCATION,D,24250,14.96,0,0.36,N,8
23946,27,68000,MORTGAGE,4.0,HOMEIMPROVEMENT,D,30000,15.99,0,0.44,N,7
24109,29,70000,OWN,13.0,PERSONAL,D,25000,15.62,0,0.36,Y,9
24150,31,54400,MORTGAGE,1.0,MEDICAL,D,27050,14.54,1,0.42,N,7
24158,28,70000,OWN,4.0,PERSONAL,D,25000,15.57,0,0.36,N,9
24276,28,70900,MORTGAGE,12.0,EDUCATION,D,25000,15.37,0,0.35,Y,6
24320,27,72000,MORTGAGE,9.0,PERSONAL,D,22000,17.58,0,0.31,Y,6
24511,27,73580,MORTGAGE,3.0,EDUCATION,D,19950,14.96,0,0.27,N,7
24596,28,69000,MORTGAGE,4.0,EDUCATION,D,30000,,1,0.43,Y,9
24610,35,69000,MORTGAGE,2.0,VENTURE,D,25500,17.27,1,0.37,N,5
24655,28,58650,MORTGAGE,5.0,MEDICAL,D,20000,14.91,1,0.29,Y,10
24727,27,75000,MORTGAGE,0.0,HOMEIMPROVEMENT,D,23200,,0,0.31,N,9
24753,31,75000,MORTGAGE,0.0,EDUCATION,D,20000,14.74,0,0.27,N,10
24770,29,69000,MORTGAGE,2.0,HOMEIMPROVEMENT,D,25000,12.8,1,0.36,Y,5
24797,29,76000,OWN,13.0,MEDICAL,D,28000,16.77,0,0.37,N,10
24943,35,78252,MORTGAGE,19.0,VENTURE,D,30000,17.58,0,0.38,N,8
24957,35,78862,MORTGAGE,14.0,EDUCATION,D,25000,12.49,0,0.32,Y,9
25004,29,79894,MORTGAGE,7.0,VENTURE,D,20000,14.96,0,0.25,Y,10
25093,33,80000,MORTGAGE,5.0,HOMEIMPROVEMENT,D,24000,14.46,0,0.3,N,6
25162,28,80000,MORTGAGE,1.0,HOMEIMPROVEMENT,D,20000,13.24,0,0.25,N,8
25239,28,82000,MORTGAGE,3.0,HOMEIMPROVEMENT,D,25000,16.29,0,0.3,N,5
25355,28,84000,OWN,12.0,VENTURE,D,25000,15.62,0,0.3,Y,5
25375,33,66300,MORTGAGE,3.0,MEDICAL,D,22000,14.59,1,0.28,N,8
25384,33,84000,MORTGAGE,9.0,EDUCATION,D,20000,14.61,0,0.24,Y,5
25391,29,78132,MORTGAGE,11.0,DEBTCONSOLIDATION,D,25000,15.33,1,0.32,Y,6
25495,33,62050,MORTGAGE,17.0,MEDICAL,D,20000,,1,0.27,Y,8
25525,29,73000,MORTGAGE,6.0,EDUCATION,D,21000,13.36,1,0.29,Y,7
25704,27,78000,MORTGAGE,2.0,HOMEIMPROVEMENT,D,35000,17.27,1,0.45,Y,5
25723,27,90000,MORTGAGE,11.0,VENTURE,D,21000,15.62,0,0.23,N,9
25753,28,90000,OWN,5.0,HOMEIMPROVEMENT,D,20000,15.28,0,0.22,Y,6
25810,27,90000,MORTGAGE,5.0,VENTURE,D,20500,14.96,0,0.23,Y,8
25873,33,79200,MORTGAGE,3.0,HOMEIMPROVEMENT,D,25000,15.58,1,0.32,N,5
25977,30,70125,MORTGAGE,2.0,MEDICAL,D,25000,15.33,1,0.3,Y,9
26066,33,95000,MORTGAGE,1.0,EDUCATION,D,24000,12.92,0,0.25,Y,5
26069,31,95004,MORTGAGE,3.0,PERSONAL,D,25000,16.07,0,0.26,Y,8
26166,30,97000,MORTGAGE,5.0,VENTURE,D,25000,16.32,0,0.26,Y,5
26170,33,97000,MORTGAGE,0.0,HOMEIMPROVEMENT,D,25000,16.0,0,0.26,N,6
26220,28,98400,MORTGAGE,12.0,VENTURE,D,20000,14.84,0,0.2,Y,9
26261,30,100000,MORTGAGE,0.0,PERSONAL,D,30000,16.77,0,0.3,Y,6
26380,29,100000,MORTGAGE,2.0,HOMEIMPROVEMENT,D,20000,14.61,0,0.2,Y,10
26425,27,101000,MORTGAGE,1.0,PERSONAL,D,20000,,0,0.2,N,8
26459,27,102400,MORTGAGE,2.0,EDUCATION,D,25000,15.57,0,0.24,N,10
26485,30,103500,MORTGAGE,14.0,VENTURE,D,24150,14.61,0,0.23,N,9
26500,28,104000,MORTGAGE,12.0,PERSONAL,D,20000,,0,0.19,N,9
26603,32,107400,OWN,2.0,MEDICAL,D,25000,15.21,0,0.23,N,10
26698,27,110000,OWN,0.0,VENTURE,D,25000,16.32,0,0.23,Y,7
26766,28,100000,MORTGAGE,4.0,VENTURE,D,25000,,1,0.25,N,6
26769,29,112000,MORTGAGE,3.0,PERSONAL,D,25000,14.61,0,0.22,N,5
26812,32,86700,MORTGAGE,16.0,MEDICAL,D,20000,14.74,1,0.2,N,9
26847,29,115000,OWN,12.0,EDUCATION,D,35000,15.28,0,0.3,Y,5
26956,32,120000,MORTGAGE,7.0,PERSONAL,D,28250,16.77,0,0.24,Y,9
27004,28,91800,MORTGAGE,4.0,MEDICAL,D,20000,15.28,1,0.19,N,6
27019,31,120000,MORTGAGE,6.0,PERSONAL,D,25000,16.32,0,0.21,Y,7
27031,27,120000,MORTGAGE,5.0,HOMEIMPROVEMENT,D,25000,15.95,0,0.21,N,9
27038,27,91800,MORTGAGE,4.0,MEDICAL,D,25000,16.07,1,0.23,N,9
27040,27,108000,MORTGAGE,11.0,DEBTCONSOLIDATION,D,25000,14.96,1,0.23,Y,9
27071,29,108000,MORTGAGE,2.0,PERSONAL,D,24500,12.61,1,0.23,N,9
27093,28,92801,MORTGAGE,12.0,MEDICAL,D,20000,14.74,1,0.18,Y,8
27124,33,124000,OWN,10.0,PERSONAL,D,23500,14.96,0,0.19,Y,6
27152,30,113000,MORTGAGE,4.0,DEBTCONSOLIDATION,D,30000,15.62,1,0.27,Y,8
27188,27,125000,MORTGAGE,7.0,HOMEIMPROVEMENT,D,20000,,0,0.16,Y,5
27197,30,96053,MORTGAGE,15.0,MEDICAL,D,30000,15.62,1,0.27,N,5
27227,30,115000,MORTGAGE,3.0,DEBTCONSOLIDATION,D,20000,14.59,1,0.17,N,7
27233,27,116000,MORTGAGE,4.0,HOMEIMPROVEMENT,D,25000,13.36,1,0.22,Y,7
27259,33,118000,MORTGAGE,12.0,DEBTCONSOLIDATION,D,35000,17.49,1,0.3,Y,7
27291,33,118000,MORTGAGE,5.0,DEBTCONSOLIDATION,D,25000,14.96,1,0.21,Y,9
27293,33,130000,MORTGAGE,9.0,PERSONAL,D,25000,15.33,0,0.19,Y,10
27316,27,119000,MORTGAGE,7.0,DEBTCONSOLIDATION,D,30000,18.25,1,0.25,N,7
27337,35,122000,MORTGAGE,3.0,VENTURE,D,25000,15.2,1,0.2,N,10
27402,34,138571,MORTGAGE,18.0,PERSONAL,D,25000,14.59,0,0.18,N,8
27422,31,128000,MORTGAGE,15.0,DEBTCONSOLIDATION,D,35000,15.99,1,0.27,N,6
27433,27,140000,OWN,8.0,PERSONAL,D,28000,15.65,0,0.2,N,5
27481,30,110925,MORTGAGE,1.0,MEDICAL,D,25000,15.33,1,0.19,N,9
27679,35,148000,MORTGAGE,19.0,DEBTCONSOLIDATION,D,25000,14.62,1,0.17,Y,10
27683,27,151000,MORTGAGE,11.0,DEBTCONSOLIDATION,D,20000,14.74,1,0.13,Y,9
27691,33,153000,MORTGAGE,1.0,HOMEIMPROVEMENT,D,23100,14.74,1,0.15,Y,9
27706,28,170000,MORTGAGE,4.0,EDUCATION,D,20000,,0,0.12,Y,10
27727,30,175000,MORTGAGE,15.0,VENTURE,D,25000,,0,0.14,Y,10
27806,27,185300,MORTGAGE,11.0,MEDICAL,D,35000,,1,0.16,Y,5
27821,27,79636,RENT,11.0,PERSONAL,D,19200,13.87,0,0.24,Y,9
27833,34,75500,RENT,0.0,EDUCATION,D,19200,16.77,1,0.25,N,10
27836,30,253000,MORTGAGE,3.0,DEBTCONSOLIDATION,D,24000,14.96,1,0.09,N,7
27843,34,275004,MORTGAGE,2.0,VENTURE,D,25000,16.32,0,0.09,Y,9
27858,33,300000,OWN,8.0,MEDICAL,D,25000,14.42,0,0.08,Y,7
27864,35,273700,MORTGAGE,8.0,MEDICAL,D,25000,14.59,1,0.08,N,6
27874,29,450000,MORTGAGE,4.0,EDUCATION,D,25000,15.37,0,0.06,N,7
27879,33,71000,RENT,17.0,HOMEIMPROVEMENT,D,19600,16.07,1,0.28,Y,6
27880,32,83300,RENT,0.0,MEDICAL,D,19600,17.19,1,0.2,Y,7
27915,30,97750,MORTGAGE,3.0,MEDICAL,D,20000,14.59,1,0.17,Y,8
27960,29,240000,MORTGAGE,11.0,PERSONAL,D,35000,14.91,0,0.15,N,6
27963,27,116000,MORTGAGE,4.0,PERSONAL,D,25000,13.36,1,0.22,N,6
27975,33,72250,MORTGAGE,0.0,MEDICAL,D,25000,16.0,1,0.29,Y,5
27991,28,64900,MORTGAGE,12.0,DEBTCONSOLIDATION,D,25000,15.37,1,0.39,N,6
28049,27,83300,RENT,11.0,MEDICAL,D,20000,16.0,1,0.2,Y,5
28111,30,130500,MORTGAGE,1.0,DEBTCONSOLIDATION,D,25000,15.33,1,0.19,N,6
28112,30,105000,RENT,4.0,HOMEIMPROVEMENT,D,24250,15.65,0,0.23,N,7
28238,34,263004,MORTGAGE,2.0,DEBTCONSOLIDATION,D,25000,16.32,1,0.1,Y,9
28255,27,91800,MORTGAGE,5.0,MEDICAL,D,25000,15.95,1,0.23,N,9
28259,28,108000,RENT,2.0,DEBTCONSOLIDATION,D,20000,15.31,1,0.19,Y,8
28381,27,66300,MORTGAGE,11.0,MEDICAL,D,21000,15.62,1,0.27,Y,10
28419,30,265000,MORTGAGE,3.0,HOMEIMPROVEMENT,D,24000,14.96,0,0.09,Y,7
28448,34,77000,RENT,3.0,DEBTCONSOLIDATION,D,35000,18.25,1,0.45,Y,10
28647,32,250000,MORTGAGE,9.0,VENTURE,D,25000,14.59,0,0.1,N,7
28683,27,120000,MORTGAGE,4.0,HOMEIMPROVEMENT,D,25000,16.07,0,0.21,Y,10
28724,31,30372,RENT,2.0,PERSONAL,D,20200,14.74,1,0.67,N,8
28734,30,135000,RENT,4.0,VENTURE,D,25000,15.21,0,0.19,N,9
28736,34,75500,RENT,0.0,EDUCATION,D,19200,16.77,1,0.25,Y,7
28746,28,69000,MORTGAGE,5.0,DEBTCONSOLIDATION,D,20000,14.91,1,0.29,Y,5
28931,27,62900,RENT,7.0,MEDICAL,D,24250,15.31,1,0.33,N,6
28968,27,113000,MORTGAGE,7.0,DEBTCONSOLIDATION,D,20000,,1,0.18,N,8
29004,28,78200,MORTGAGE,12.0,MEDICAL,D,20000,,1,0.22,Y,5
29105,30,65000,MORTGAGE,3.0,HOMEIMPROVEMENT,D,20000,16.77,0,0.31,Y,5
29129,40,540600,MORTGAGE,8.0,MEDICAL,D,35000,15.99,1,0.06,Y,11
29134,40,133000,RENT,2.0,EDUCATION,D,35000,14.54,1,0.26,Y,17
29149,36,90000,RENT,7.0,PERSONAL,D,30000,15.99,1,0.33,Y,11
29155,37,260000,MORTGAGE,12.0,VENTURE,D,20000,14.96,0,0.08,N,12
29163,48,228000,MORTGAGE,0.0,HOMEIMPROVEMENT,D,25000,15.31,1,0.11,N,13
29166,43,230004,MORTGAGE,19.0,HOMEIMPROVEMENT,D,25000,15.58,0,0.11,Y,15
29169,41,225000,MORTGAGE,13.0,HOMEIMPROVEMENT,D,35000,15.62,0,0.16,N,14
29186,37,200000,MORTGAGE,7.0,EDUCATION,D,25000,15.57,0,0.13,N,14
29187,36,200000,OWN,12.0,HOMEIMPROVEMENT,D,25000,15.2,0,0.13,Y,13
29193,47,55250,RENT,9.0,MEDICAL,D,25000,,1,0.38,Y,13
29199,36,69000,RENT,0.0,HOMEIMPROVEMENT,D,25000,14.59,1,0.36,N,12
29212,39,78000,RENT,3.0,HOMEIMPROVEMENT,D,25000,16.02,1,0.32,N,17
29220,47,90000,RENT,1.0,VENTURE,D,25000,15.65,1,0.28,Y,17
29235,39,100300,RENT,2.0,MEDICAL,D,25000,15.7,1,0.21,Y,16
29237,36,127000,RENT,20.0,DEBTCONSOLIDATION,D,25000,14.59,1,0.2,N,11
29239,47,165000,MORTGAGE,2.0,HOMEIMPROVEMENT,D,19800,15.65,0,0.12,N,16
29246,37,76066,RENT,10.0,DEBTCONSOLIDATION,D,24250,15.65,1,0.32,Y,13
29247,42,68850,RENT,8.0,MEDICAL,D,24250,15.58,1,0.3,N,14
29249,39,78200,RENT,18.0,MEDICAL,D,24250,16.0,1,0.26,Y,13
29263,36,72800,RENT,3.0,HOMEIMPROVEMENT,D,24000,14.09,1,0.33,N,12
29264,39,67000,RENT,0.0,VENTURE,D,24000,15.31,1,0.36,N,11
29272,37,38400,RENT,6.0,EDUCATION,D,23500,,1,0.61,Y,16
29275,40,83000,RENT,3.0,HOMEIMPROVEMENT,D,23000,12.36,1,0.28,Y,11
29276,42,67147,RENT,6.0,MEDICAL,D,22400,14.11,1,0.28,Y,11
29289,36,59000,RENT,2.0,MEDICAL,D,21000,14.11,1,0.36,Y,16
29295,39,48000,RENT,4.0,MEDICAL,D,20500,14.59,1,0.43,N,16
29310,40,45996,RENT,4.0,DEBTCONSOLIDATION,D,20000,14.61,1,0.43,N,11
29317,36,65004,RENT,3.0,EDUCATION,D,20000,15.33,1,0.31,N,15
29318,38,66690,RENT,12.0,EDUCATION,D,20000,14.59,0,0.3,N,14
29331,40,73100,RENT,0.0,MEDICAL,D,20000,14.54,1,0.23,Y,11
29333,37,92000,RENT,,DEBTCONSOLIDATION,D,20000,14.46,1,0.22,N,15
30567,36,59617,MORTGAGE,14.0,HOMEIMPROVEMENT,D,21000,15.62,0,0.35,N,13
30618,37,54000,MORTGAGE,21.0,DEBTCONSOLIDATION,D,25000,15.57,1,0.46,Y,16
30681,38,55000,MORTGAGE,4.0,DEBTCONSOLIDATION,D,25000,,1,0.45,Y,14
31185,46,80000,MORTGAGE,13.0,HOMEIMPROVEMENT,D,20000,14.54,0,0.25,N,13
31203,44,80000,MORTGAGE,28.0,VENTURE,D,25000,15.33,0,0.31,Y,17
31388,36,90000,MORTGAGE,2.0,EDUCATION,D,20000,14.61,0,0.22,Y,11
31394,39,90000,MORTGAGE,9.0,HOMEIMPROVEMENT,D,22000,12.67,0,0.24,Y,15
31431,38,83000,MORTGAGE,1.0,DEBTCONSOLIDATION,D,24000,14.91,1,0.29,Y,12
31436,39,95000,MORTGAGE,3.0,HOMEIMPROVEMENT,D,20000,14.84,0,0.21,Y,11
31476,39,98000,MORTGAGE,0.0,HOMEIMPROVEMENT,D,35000,15.99,0,0.36,N,15
31492,38,99996,OWN,22.0,HOMEIMPROVEMENT,D,25000,14.96,0,0.25,Y,13
31566,48,94050,MORTGAGE,1.0,DEBTCONSOLIDATION,D,23000,14.96,1,0.24,Y,16
31609,43,112000,MORTGAGE,14.0,PERSONAL,D,25000,14.96,0,0.22,Y,15
31625,39,115000,MORTGAGE,6.0,VENTURE,D,25000,15.58,0,0.22,Y,17
31627,41,115000,MORTGAGE,2.0,PERSONAL,D,20000,14.61,0,0.17,N,11
31660,39,108000,MORTGAGE,6.0,EDUCATION,D,30000,16.49,1,0.28,Y,11
31666,39,108000,MORTGAGE,2.0,HOMEIMPROVEMENT,D,20000,14.54,1,0.19,Y,14
31670,37,91800,MORTGAGE,21.0,MEDICAL,D,20000,14.84,1,0.19,Y,12
31679,38,120000,OWN,11.0,VENTURE,D,23600,14.96,0,0.2,Y,13
31716,42,113000,MORTGAGE,11.0,EDUCATION,D,24000,15.31,1,0.21,Y,15
31737,40,100300,MORTGAGE,2.0,MEDICAL,D,25000,14.83,1,0.21,N,16
31739,39,130000,OWN,13.0,HOMEIMPROVEMENT,D,25000,16.07,0,0.19,N,14
31788,40,142000,MORTGAGE,2.0,PERSONAL,D,25000,15.31,0,0.18,N,14
31828,41,141000,MORTGAGE,12.0,DEBTCONSOLIDATION,D,25000,14.96,1,0.18,N,13
31849,36,160000,OWN,20.0,VENTURE,D,24000,14.96,0,0.15,Y,14
31863,41,138550,MORTGAGE,8.0,MEDICAL,D,23000,14.96,1,0.14,N,12
31865,44,140787,MORTGAGE,3.0,MEDICAL,D,35000,16.49,1,0.21,Y,15
31870,40,182004,MORTGAGE,7.0,HOMEIMPROVEMENT,D,25000,16.07,0,0.14,Y,12
31898,36,290000,MORTGAGE,6.0,PERSONAL,D,25000,15.65,0,0.09,N,16
31903,42,316800,MORTGAGE,3.0,PERSONAL,D,19400,,0,0.06,Y,13
31915,42,600000,OTHER,2.0,EDUCATION,D,25000,14.74,0,0.04,N,11
32092,40,45996,RENT,4.0,DEBTCONSOLIDATION,D,20000,14.61,1,0.43,Y,13
32101,41,103000,MORTGAGE,2.0,DEBTCONSOLIDATION,D,20000,14.61,1,0.19,Y,16
32108,36,72800,RENT,3.0,HOMEIMPROVEMENT,D,24000,14.09,1,0.33,N,16
32142,44,80000,MORTGAGE,28.0,HOMEIMPROVEMENT,D,25000,15.33,0,0.31,N,11
32199,36,59617,MORTGAGE,14.0,PERSONAL,D,21000,15.62,0,0.35,N,14
32214,40,86000,RENT,0.0,EDUCATION,D,20000,14.54,1,0.23,Y,13
32217,37,120000,MORTGAGE,21.0,PERSONAL,D,20000,14.84,0,0.17,N,11
32249,36,160000,OWN,20.0,VENTURE,D,24000,14.96,0,0.15,Y,15
32284,43,112000,MORTGAGE,14.0,PERSONAL,D,25000,14.96,0,0.22,N,16
32288,38,99996,OWN,22.0,MEDICAL,D,25000,14.96,0,0.25,N,11
32291,42,600000,OTHER,2.0,HOMEIMPROVEMENT,D,25000,14.74,0,0.04,Y,16
32301,53,85000,RENT,19.0,PERSONAL,D,35000,15.65,1,0.41,N,19
32302,58,108350,RENT,5.0,PERSONAL,D,35000,14.91,1,0.32,N,19
32306,61,160000,RENT,3.0,PERSONAL,D,30000,,0,0.19,Y,27
32307,54,53700,RENT,1.0,HOMEIMPROVEMENT,D,29850,,1,0.56,Y,28
32312,51,153000,RENT,2.0,PERSONAL,D,25000,15.58,1,0.16,N,23
32315,53,70000,RENT,6.0,PERSONAL,D,24000,16.77,1,0.34,N,20
32317,66,43000,RENT,17.0,DEBTCONSOLIDATION,D,22250,14.59,1,0.52,Y,23
32322,61,51000,RENT,2.0,MEDICAL,D,20000,14.09,1,0.39,N,21
32323,52,59004,RENT,4.0,DEBTCONSOLIDATION,D,20000,15.58,1,0.34,N,22
32325,62,76500,RENT,0.0,EDUCATION,D,20000,16.77,1,0.26,Y,29
32527,69,120000,MORTGAGE,3.0,PERSONAL,D,20000,14.84,0,0.17,N,27
32541,52,163000,MORTGAGE,9.0,PERSONAL,D,25000,14.11,1,0.15,N,30
32574,52,65004,RENT,4.0,PERSONAL,D,20000,15.58,1,0.31,Y,19
